{
  "config": {
    "model": "Lasso",
    "alpha": 0.1
  },
  "metrics": {
    "RMSE_mean": 54.686219192537315,
    "RMSE_std": 1.2702539005057387
  }
}